Threads,Dim,CheckSym,MatTranspose,Version
1,4,0.000000,0.000000,IMP
1,4,0.000000,0.000001,IMP
1,4,0.000000,0.000000,IMP
1,4,0.000001,0.000000,IMP
1,4,0.000000,0.000000,IMP
1,8,0.000000,0.000000,IMP
1,8,0.000000,0.000000,IMP
1,8,0.000000,0.000000,IMP
1,8,0.000001,0.000000,IMP
1,8,0.000001,0.000000,IMP
1,16,0.000001,0.000000,IMP
1,16,0.000001,0.000001,IMP
1,16,0.000000,0.000001,IMP
1,16,0.000001,0.000000,IMP
1,16,0.000003,0.000003,IMP
1,32,0.000002,0.000008,IMP
1,32,0.000003,0.000003,IMP
1,32,0.000010,0.000011,IMP
1,32,0.000003,0.000003,IMP
1,32,0.000003,0.000003,IMP
1,64,0.000011,0.000016,IMP
1,64,0.000011,0.000017,IMP
1,64,0.000010,0.000015,IMP
1,64,0.000012,0.000016,IMP
1,64,0.000011,0.000015,IMP
1,128,0.000043,0.000070,IMP
1,128,0.000053,0.000068,IMP
1,128,0.000042,0.000063,IMP
1,128,0.000053,0.000069,IMP
1,128,0.000043,0.000063,IMP
1,256,0.000170,0.000272,IMP
1,256,0.000184,0.000287,IMP
1,256,0.000170,0.000266,IMP
1,256,0.000185,0.000285,IMP
1,256,0.000173,0.000266,IMP
1,512,0.000747,0.001964,IMP
1,512,0.000817,0.002099,IMP
1,512,0.000743,0.001913,IMP
1,512,0.000808,0.002091,IMP
1,512,0.000741,0.001915,IMP
1,1024,0.003206,0.010344,IMP
1,1024,0.003438,0.011371,IMP
1,1024,0.003196,0.010030,IMP
1,1024,0.003436,0.010866,IMP
1,1024,0.003184,0.010021,IMP
1,2048,0.013901,0.042830,IMP
1,2048,0.015168,0.047581,IMP
1,2048,0.013957,0.041910,IMP
1,2048,0.014981,0.045180,IMP
1,2048,0.013945,0.041781,IMP
1,4096,0.082060,0.177810,IMP
1,4096,0.085514,0.191403,IMP
1,4096,0.082263,0.177910,IMP
1,4096,0.086548,0.191540,IMP
1,4096,0.082122,0.177906,IMP
