Threads,Dim,CheckSym,MatTranspose,Version
1,4,0.000000,0.000001,IMP
1,4,0.000001,0.000000,IMP
1,4,0.000000,0.000000,IMP
1,4,0.000000,0.000000,IMP
1,4,0.000000,0.000000,IMP
1,8,0.000000,0.000000,IMP
1,8,0.000001,0.000000,IMP
1,8,0.000000,0.000001,IMP
1,8,0.000000,0.000000,IMP
1,8,0.000001,0.000001,IMP
1,16,0.000001,0.000000,IMP
1,16,0.000001,0.000001,IMP
1,16,0.000001,0.000000,IMP
1,16,0.000014,0.000002,IMP
1,16,0.000001,0.000001,IMP
1,32,0.000004,0.000003,IMP
1,32,0.000003,0.000004,IMP
1,32,0.000003,0.000003,IMP
1,32,0.000004,0.000003,IMP
1,32,0.000003,0.000003,IMP
1,64,0.000014,0.000015,IMP
1,64,0.000015,0.000015,IMP
1,64,0.000015,0.000015,IMP
1,64,0.000014,0.000015,IMP
1,64,0.000015,0.000015,IMP
1,128,0.000045,0.000064,IMP
1,128,0.000056,0.000062,IMP
1,128,0.000064,0.000063,IMP
1,128,0.000190,0.000135,IMP
1,128,0.000153,0.000207,IMP
1,256,0.000218,0.000263,IMP
1,256,0.000183,0.000260,IMP
1,256,0.000236,0.000258,IMP
1,256,0.000184,0.000269,IMP
1,256,0.000244,0.000257,IMP
1,512,0.000799,0.001158,IMP
1,512,0.000964,0.001083,IMP
1,512,0.000781,0.001062,IMP
1,512,0.000910,0.001035,IMP
1,512,0.000775,0.001040,IMP
1,1024,0.003427,0.009038,IMP
1,1024,0.003979,0.010029,IMP
1,1024,0.003421,0.008930,IMP
1,1024,0.003967,0.009551,IMP
1,1024,0.003959,0.008348,IMP
1,2048,0.015862,0.037838,IMP
1,2048,0.016484,0.042067,IMP
1,2048,0.013751,0.035246,IMP
1,2048,0.016519,0.039764,IMP
1,2048,0.016808,0.042207,IMP
1,4096,0.076650,0.170236,IMP
1,4096,0.076584,0.169765,IMP
1,4096,0.077849,0.170217,IMP
1,4096,0.075683,0.170822,IMP
1,4096,0.071721,0.170553,IMP
